{"imageID":"cat","x1":190.0,"x2":881.0,"y1":48.0,"y2":538.0,"description":"big cat"}
{"imageID":"cat","x1":234.0,"x2":234.0,"y1":60.0,"y2":60.0,"description":"cat"}
{"imageID":"chairs","x1":22.0,"x2":621.0,"y1":305.0,"y2":558.0,"description":"desk"}
{"imageID":"cat","x1":244.0,"x2":892.0,"y1":61.0,"y2":524.0,"description":"big cat"}
{"imageID":"city","x1":240.0,"x2":356.0,"y1":95.0,"y2":189.0,"description":"b2"}
{"imageID":"city","x1":49.0,"x2":180.0,"y1":23.0,"y2":103.0,"description":"sun2"}
{"imageID":"city","x1":191.0,"x2":468.0,"y1":56.0,"y2":231.0,"description":"red ballon"}
{"imageID":"cat","x1":341.0,"x2":250.0,"y1":517.0,"y2":487.0,"description":"cat"}
{"imageID":"cat","x1":195.0,"x2":911.0,"y1":16.0,"y2":510.0,"description":"cat"}
{"imageID":"cat","x1":69.0,"x2":69.0,"y1":24.0,"y2":24.0,"description":"big cat"}
{"imageID":"cat","x1":63.0,"x2":63.0,"y1":27.0,"y2":27.0,"description":"big cat"}
{"imageID":"cat","x1":210.0,"x2":210.0,"y1":119.0,"y2":119.0,"description":"cat"}
{"imageID":"cat","x1":224.0,"x2":224.0,"y1":123.0,"y2":123.0,"description":"big cat"}
{"imageID":"cat","x1":346.0,"x2":347.0,"y1":519.0,"y2":511.0,"description":"big cat"}
{"imageID":"city","x1":240.0,"x2":366.0,"y1":86.0,"y2":186.0,"description":"red ballon"}
{"imageID":"city","x1":60.0,"x2":191.0,"y1":35.0,"y2":103.0,"description":"sun"}
{"imageID":"cat","x1":394.0,"x2":347.0,"y1":510.0,"y2":492.0,"description":"big cat"}
{"imageID":"city","x1":242.5,"x2":352.5,"y1":68.0,"y2":206.0,"description":"ballon"}
{"imageID":"city","x1":52.5,"x2":177.5,"y1":14.0,"y2":109.0,"description":"sun"}
{"imageID":"city","x1":254.5,"x2":373.5,"y1":76.0,"y2":191.0,"description":"ballon"}
{"imageID":"city","x1":259.5,"x2":363.5,"y1":75.0,"y2":184.0,"description":"sun"}
{"imageID":"city","x1":267.0,"x2":367.0,"y1":74.0,"y2":195.0,"description":"sun"}
{"imageID":"city","x1":189.5,"x2":814.5,"y1":32.0,"y2":514.0,"description":"UTag"}
{"imageID":"city","x1":250.5,"x2":364.5,"y1":75.0,"y2":188.0,"description":"ballon"}
{"imageID":"city","x1":67.5,"x2":175.5,"y1":17.0,"y2":96.0,"description":"sun"}
{"imageID":"city","x1":249.5,"x2":376.5,"y1":76.0,"y2":182.0,"description":"ballon"}
{"imageID":"city","x1":63.5,"x2":186.5,"y1":16.0,"y2":99.0,"description":"sun"}
{"imageID":"city","x1":247.5,"x2":395.5,"y1":70.0,"y2":193.0,"description":"ballon"}
{"imageID":"city","x1":64.0,"x2":205.0,"y1":30.0,"y2":91.0,"description":"sun"}
{"imageID":"city","x1":34.0,"x2":213.0,"y1":108.0,"y2":185.0,"description":"dark cloud"}
{"imageID":"city","x1":269.0,"x2":390.0,"y1":87.0,"y2":201.0,"description":"red ballon"}
{"imageID":"cat","x1":322.0,"x2":332.0,"y1":341.0,"y2":515.0,"description":"cat"}
{"imageID":"cat","x1":450.0,"x2":450.0,"y1":256.0,"y2":257.0,"description":"big cat"}
{"imageID":"chairs","x1":153.0,"x2":139.0,"y1":577.0,"y2":547.0,"description":"desk"}
{"imageID":"chairs","x1":141.0,"x2":141.0,"y1":110.0,"y2":110.0,"description":"var wall"}
{"imageID":"chairs","x1":167.0,"x2":167.0,"y1":555.0,"y2":555.0,"description":"var desk"}
{"imageID":"cat","x1":161.0,"x2":900.0,"y1":5.0,"y2":536.0,"description":"big cat"}
{"imageID":"cat","x1":3.0,"x2":160.0,"y1":177.0,"y2":523.0,"description":"snow"}
{"imageID":"cat","x1":189.0,"x2":915.0,"y1":45.0,"y2":542.0,"description":"large cat"}
{"imageID":"images6","x1":262.0,"x2":755.0,"y1":35.0,"y2":571.0,"description":"man"}
{"imageID":"1","x1":0.0,"x2":1.0,"y1":0.0,"y2":1.0,"description":"update"}
{"imageID":"2","x1":0.0,"x2":2.0,"y1":0.0,"y2":0.0,"description":"update"}
{"imageID":"3","x1":0.0,"x2":3.0,"y1":0.0,"y2":3.0,"description":"update"}
{"imageID":"images4","x1":19.0,"x2":416.0,"y1":114.0,"y2":431.0,"description":"train"}
